filename,filepath,aesthetic_score,label
DSC00129.JPG,/workspace/P/SELECTED/DSC00129.JPG,3.9458208,1
DSC00130.JPG,/workspace/P/SELECTED/DSC00130.JPG,4.3706465,1
DSC00132.JPG,/workspace/P/SELECTED/DSC00132.JPG,4.524125,1
DSC00134.JPG,/workspace/P/SELECTED/DSC00134.JPG,4.2104807,1
DSC00151.JPG,/workspace/P/SELECTED/DSC00151.JPG,4.7791805,1
DSC00155.JPG,/workspace/P/SELECTED/DSC00155.JPG,4.517168,1
DSC00156.JPG,/workspace/P/SELECTED/DSC00156.JPG,4.043795,1
DSC00161.JPG,/workspace/P/SELECTED/DSC00161.JPG,4.97862,1
DSC00162.JPG,/workspace/P/SELECTED/DSC00162.JPG,4.4702644,1
DSC00170.JPG,/workspace/P/SELECTED/DSC00170.JPG,2.988848,1
DSC00171.JPG,/workspace/P/SELECTED/DSC00171.JPG,2.7882843,1
DSC00174.JPG,/workspace/P/SELECTED/DSC00174.JPG,4.421423,1
DSC00175.JPG,/workspace/P/SELECTED/DSC00175.JPG,4.704878,1
DSC00176.JPG,/workspace/P/SELECTED/DSC00176.JPG,5.0241137,1
DSC00178.JPG,/workspace/P/SELECTED/DSC00178.JPG,4.255165,1
DSC00180.JPG,/workspace/P/SELECTED/DSC00180.JPG,4.5768094,1
DSC00185.JPG,/workspace/P/SELECTED/DSC00185.JPG,3.6975517,1
DSC00186.JPG,/workspace/P/SELECTED/DSC00186.JPG,3.9369469,1
DSC00187.JPG,/workspace/P/SELECTED/DSC00187.JPG,4.140996,1
DSC00190.JPG,/workspace/P/SELECTED/DSC00190.JPG,3.6903455,1
DSC00196.JPG,/workspace/P/SELECTED/DSC00196.JPG,4.024411,1
DSC00201.JPG,/workspace/P/SELECTED/DSC00201.JPG,4.534775,1
DSC00203.JPG,/workspace/P/SELECTED/DSC00203.JPG,4.5072803,1
DSC00216.JPG,/workspace/P/SELECTED/DSC00216.JPG,4.4626656,1
DSC00227.JPG,/workspace/P/SELECTED/DSC00227.JPG,4.959759,1
DSC00231.JPG,/workspace/P/SELECTED/DSC00231.JPG,4.9183087,1
DSC00232.JPG,/workspace/P/SELECTED/DSC00232.JPG,4.8380423,1
DSC00256.JPG,/workspace/P/SELECTED/DSC00256.JPG,3.9897747,1
DSC00270.JPG,/workspace/P/SELECTED/DSC00270.JPG,3.972034,1
DSC00297.JPG,/workspace/P/SELECTED/DSC00297.JPG,3.400431,1
DSC00313.JPG,/workspace/P/SELECTED/DSC00313.JPG,4.4620476,1
DSC00314.JPG,/workspace/P/SELECTED/DSC00314.JPG,3.988501,1
DSC00317.JPG,/workspace/P/SELECTED/DSC00317.JPG,4.736494,1
DSC00318.JPG,/workspace/P/SELECTED/DSC00318.JPG,4.6561317,1
DSC00330.JPG,/workspace/P/SELECTED/DSC00330.JPG,3.6940377,1
DSC00331.JPG,/workspace/P/SELECTED/DSC00331.JPG,4.084367,1
DSC00335.JPG,/workspace/P/SELECTED/DSC00335.JPG,4.4563694,1
DSC00337.JPG,/workspace/P/SELECTED/DSC00337.JPG,4.0767817,1
DSC00343.JPG,/workspace/P/SELECTED/DSC00343.JPG,4.5989413,1
DSC00345.JPG,/workspace/P/SELECTED/DSC00345.JPG,3.7827232,1
DSC00352.JPG,/workspace/P/SELECTED/DSC00352.JPG,3.9443154,1
DSC00354.JPG,/workspace/P/SELECTED/DSC00354.JPG,3.4349153,1
DSC00356.JPG,/workspace/P/SELECTED/DSC00356.JPG,4.198922,1
DSC00357.JPG,/workspace/P/SELECTED/DSC00357.JPG,4.027359,1
DSC00358.JPG,/workspace/P/SELECTED/DSC00358.JPG,3.9891558,1
DSC00362.JPG,/workspace/P/SELECTED/DSC00362.JPG,3.816349,1
DSC00363.JPG,/workspace/P/SELECTED/DSC00363.JPG,4.6980386,1
DSC00365.JPG,/workspace/P/SELECTED/DSC00365.JPG,3.9340415,1
DSC00366.JPG,/workspace/P/SELECTED/DSC00366.JPG,4.0651007,1
DSC00376.JPG,/workspace/P/SELECTED/DSC00376.JPG,3.4438105,1
DSC00380.JPG,/workspace/P/SELECTED/DSC00380.JPG,5.2120914,1
DSC00388.JPG,/workspace/P/SELECTED/DSC00388.JPG,4.668816,1
DSC00571.JPG,/workspace/P/SELECTED/DSC00571.JPG,5.9303074,1
DSC00576.JPG,/workspace/P/SELECTED/DSC00576.JPG,4.892704,1
DSC00581.JPG,/workspace/P/SELECTED/DSC00581.JPG,4.511303,1
DSC00586.JPG,/workspace/P/SELECTED/DSC00586.JPG,4.3199415,1
DSC00591.JPG,/workspace/P/SELECTED/DSC00591.JPG,3.3817248,1
DSC00592.JPG,/workspace/P/SELECTED/DSC00592.JPG,3.2999692,1
DSC00594.JPG,/workspace/P/SELECTED/DSC00594.JPG,5.0231075,1
DSC00596.JPG,/workspace/P/SELECTED/DSC00596.JPG,5.2436414,1
DSC00603.JPG,/workspace/P/SELECTED/DSC00603.JPG,4.8260508,1
DSC00605.JPG,/workspace/P/SELECTED/DSC00605.JPG,4.7228694,1
DSC00607.JPG,/workspace/P/SELECTED/DSC00607.JPG,5.382103,1
DSC00608.JPG,/workspace/P/SELECTED/DSC00608.JPG,5.078158,1
DSC00610.JPG,/workspace/P/SELECTED/DSC00610.JPG,4.638239,1
DSC00612.JPG,/workspace/P/SELECTED/DSC00612.JPG,5.0182614,1
DSC00617.JPG,/workspace/P/SELECTED/DSC00617.JPG,5.107463,1
DSC00621.JPG,/workspace/P/SELECTED/DSC00621.JPG,3.239399,1
DSC00624.JPG,/workspace/P/SELECTED/DSC00624.JPG,4.7678986,1
DSC00632.JPG,/workspace/P/SELECTED/DSC00632.JPG,4.9598837,1
DSC00635.JPG,/workspace/P/SELECTED/DSC00635.JPG,3.5114057,1
DSC00637.JPG,/workspace/P/SELECTED/DSC00637.JPG,3.791204,1
DSC00126.JPG,/workspace/P/all_images/DSC00126.JPG,4.165676,0
DSC00127.JPG,/workspace/P/all_images/DSC00127.JPG,3.6980262,0
DSC00128.JPG,/workspace/P/all_images/DSC00128.JPG,4.270126,0
DSC00131.JPG,/workspace/P/all_images/DSC00131.JPG,4.575177,0
DSC00133.JPG,/workspace/P/all_images/DSC00133.JPG,4.1814775,0
DSC00135.JPG,/workspace/P/all_images/DSC00135.JPG,4.6511645,0
DSC00136.JPG,/workspace/P/all_images/DSC00136.JPG,4.590948,0
DSC00139.JPG,/workspace/P/all_images/DSC00139.JPG,3.340597,0
DSC00140.JPG,/workspace/P/all_images/DSC00140.JPG,3.9687777,0
DSC00141.JPG,/workspace/P/all_images/DSC00141.JPG,3.145635,0
DSC00142.JPG,/workspace/P/all_images/DSC00142.JPG,3.8048108,0
DSC00143.JPG,/workspace/P/all_images/DSC00143.JPG,1.7220055,0
DSC00144.JPG,/workspace/P/all_images/DSC00144.JPG,2.6367288,0
DSC00145.JPG,/workspace/P/all_images/DSC00145.JPG,2.3249831,0
DSC00147.JPG,/workspace/P/all_images/DSC00147.JPG,3.1393065,0
DSC00148.JPG,/workspace/P/all_images/DSC00148.JPG,4.192538,0
DSC00149.JPG,/workspace/P/all_images/DSC00149.JPG,4.1470056,0
DSC00152.JPG,/workspace/P/all_images/DSC00152.JPG,4.098274,0
DSC00153.JPG,/workspace/P/all_images/DSC00153.JPG,4.083047,0
DSC00154.JPG,/workspace/P/all_images/DSC00154.JPG,4.4392514,0
DSC00157.JPG,/workspace/P/all_images/DSC00157.JPG,5.2266626,0
DSC00158.JPG,/workspace/P/all_images/DSC00158.JPG,4.7059283,0
DSC00159.JPG,/workspace/P/all_images/DSC00159.JPG,4.417059,0
DSC00160.JPG,/workspace/P/all_images/DSC00160.JPG,4.440106,0
DSC00163.JPG,/workspace/P/all_images/DSC00163.JPG,4.5075793,0
DSC00164.JPG,/workspace/P/all_images/DSC00164.JPG,3.8980212,0
DSC00165.JPG,/workspace/P/all_images/DSC00165.JPG,3.4405255,0
DSC00166.JPG,/workspace/P/all_images/DSC00166.JPG,2.7449613,0
DSC00167.JPG,/workspace/P/all_images/DSC00167.JPG,2.7517514,0
DSC00168.JPG,/workspace/P/all_images/DSC00168.JPG,3.2566245,0
DSC00169.JPG,/workspace/P/all_images/DSC00169.JPG,1.7216483,0
DSC00172.JPG,/workspace/P/all_images/DSC00172.JPG,3.1585865,0
DSC00173.JPG,/workspace/P/all_images/DSC00173.JPG,4.279393,0
DSC00177.JPG,/workspace/P/all_images/DSC00177.JPG,4.4068184,0
DSC00182.JPG,/workspace/P/all_images/DSC00182.JPG,4.025511,0
DSC00183.JPG,/workspace/P/all_images/DSC00183.JPG,3.7983165,0
DSC00184.JPG,/workspace/P/all_images/DSC00184.JPG,3.5109854,0
DSC00189.JPG,/workspace/P/all_images/DSC00189.JPG,3.6340342,0
DSC00192.JPG,/workspace/P/all_images/DSC00192.JPG,3.7161965,0
DSC00194.JPG,/workspace/P/all_images/DSC00194.JPG,3.8860033,0
DSC00195.JPG,/workspace/P/all_images/DSC00195.JPG,3.7541208,0
DSC00197.JPG,/workspace/P/all_images/DSC00197.JPG,4.102047,0
DSC00198.JPG,/workspace/P/all_images/DSC00198.JPG,3.7642274,0
DSC00199.JPG,/workspace/P/all_images/DSC00199.JPG,3.982838,0
DSC00200.JPG,/workspace/P/all_images/DSC00200.JPG,4.0860696,0
DSC00202.JPG,/workspace/P/all_images/DSC00202.JPG,3.9981241,0
DSC00204.JPG,/workspace/P/all_images/DSC00204.JPG,4.3410997,0
DSC00206.JPG,/workspace/P/all_images/DSC00206.JPG,4.792242,0
DSC00207.JPG,/workspace/P/all_images/DSC00207.JPG,4.9461174,0
DSC00208.JPG,/workspace/P/all_images/DSC00208.JPG,4.087099,0
DSC00209.JPG,/workspace/P/all_images/DSC00209.JPG,4.3933697,0
DSC00210.JPG,/workspace/P/all_images/DSC00210.JPG,4.2567906,0
DSC00211.JPG,/workspace/P/all_images/DSC00211.JPG,5.028779,0
DSC00213.JPG,/workspace/P/all_images/DSC00213.JPG,3.967451,0
DSC00214.JPG,/workspace/P/all_images/DSC00214.JPG,4.4505863,0
DSC00215.JPG,/workspace/P/all_images/DSC00215.JPG,4.582505,0
DSC00217.JPG,/workspace/P/all_images/DSC00217.JPG,3.9218078,0
DSC00218.JPG,/workspace/P/all_images/DSC00218.JPG,4.1822753,0
DSC00219.JPG,/workspace/P/all_images/DSC00219.JPG,4.7223926,0
DSC00220.JPG,/workspace/P/all_images/DSC00220.JPG,4.7783923,0
DSC00221.JPG,/workspace/P/all_images/DSC00221.JPG,4.971084,0
DSC00222.JPG,/workspace/P/all_images/DSC00222.JPG,4.506481,0
DSC00223.JPG,/workspace/P/all_images/DSC00223.JPG,4.8338456,0
DSC00224.JPG,/workspace/P/all_images/DSC00224.JPG,4.8067737,0
DSC00225.JPG,/workspace/P/all_images/DSC00225.JPG,5.066558,0
DSC00226.JPG,/workspace/P/all_images/DSC00226.JPG,5.0373,0
DSC00228.JPG,/workspace/P/all_images/DSC00228.JPG,4.420306,0
DSC00229.JPG,/workspace/P/all_images/DSC00229.JPG,4.0011916,0
DSC00230.JPG,/workspace/P/all_images/DSC00230.JPG,5.2441626,0
DSC00233.JPG,/workspace/P/all_images/DSC00233.JPG,4.2169714,0
DSC00234.JPG,/workspace/P/all_images/DSC00234.JPG,4.3405814,0
DSC00235.JPG,/workspace/P/all_images/DSC00235.JPG,4.5282245,0
DSC00236.JPG,/workspace/P/all_images/DSC00236.JPG,4.820909,0
DSC00237.JPG,/workspace/P/all_images/DSC00237.JPG,5.1319847,0
DSC00238.JPG,/workspace/P/all_images/DSC00238.JPG,4.3398795,0
DSC00239.JPG,/workspace/P/all_images/DSC00239.JPG,5.1064487,0
DSC00240.JPG,/workspace/P/all_images/DSC00240.JPG,4.8459764,0
DSC00241.JPG,/workspace/P/all_images/DSC00241.JPG,5.116193,0
DSC00242.JPG,/workspace/P/all_images/DSC00242.JPG,3.6590662,0
DSC00243.JPG,/workspace/P/all_images/DSC00243.JPG,3.6942792,0
DSC00244.JPG,/workspace/P/all_images/DSC00244.JPG,4.6856065,0
DSC00245.JPG,/workspace/P/all_images/DSC00245.JPG,4.4241304,0
DSC00246.JPG,/workspace/P/all_images/DSC00246.JPG,3.948924,0
DSC00247.JPG,/workspace/P/all_images/DSC00247.JPG,3.9218519,0
DSC00248.JPG,/workspace/P/all_images/DSC00248.JPG,3.537154,0
DSC00249.JPG,/workspace/P/all_images/DSC00249.JPG,3.6445107,0
DSC00250.JPG,/workspace/P/all_images/DSC00250.JPG,4.449282,0
DSC00251.JPG,/workspace/P/all_images/DSC00251.JPG,4.3925676,0
DSC00252.JPG,/workspace/P/all_images/DSC00252.JPG,4.077512,0
DSC00253.JPG,/workspace/P/all_images/DSC00253.JPG,4.241206,0
DSC00254.JPG,/workspace/P/all_images/DSC00254.JPG,3.795902,0
DSC00255.JPG,/workspace/P/all_images/DSC00255.JPG,4.105206,0
DSC00257.JPG,/workspace/P/all_images/DSC00257.JPG,3.476236,0
DSC00258.JPG,/workspace/P/all_images/DSC00258.JPG,4.578584,0
DSC00259.JPG,/workspace/P/all_images/DSC00259.JPG,4.3033943,0
DSC00260.JPG,/workspace/P/all_images/DSC00260.JPG,4.7879443,0
DSC00261.JPG,/workspace/P/all_images/DSC00261.JPG,4.801222,0
DSC00262.JPG,/workspace/P/all_images/DSC00262.JPG,5.0434556,0
DSC00263.JPG,/workspace/P/all_images/DSC00263.JPG,5.4280467,0
DSC00264.JPG,/workspace/P/all_images/DSC00264.JPG,4.5006485,0
DSC00265.JPG,/workspace/P/all_images/DSC00265.JPG,4.8359256,0
DSC00266.JPG,/workspace/P/all_images/DSC00266.JPG,3.8219633,0
DSC00267.JPG,/workspace/P/all_images/DSC00267.JPG,3.5723124,0
DSC00268.JPG,/workspace/P/all_images/DSC00268.JPG,3.677261,0
DSC00269.JPG,/workspace/P/all_images/DSC00269.JPG,3.916365,0
DSC00271.JPG,/workspace/P/all_images/DSC00271.JPG,4.877304,0
DSC00272.JPG,/workspace/P/all_images/DSC00272.JPG,4.8489723,0
DSC00273.JPG,/workspace/P/all_images/DSC00273.JPG,4.0481873,0
DSC00274.JPG,/workspace/P/all_images/DSC00274.JPG,3.3228967,0
DSC00275.JPG,/workspace/P/all_images/DSC00275.JPG,3.8272896,0
DSC00276.JPG,/workspace/P/all_images/DSC00276.JPG,4.0913053,0
DSC00277.JPG,/workspace/P/all_images/DSC00277.JPG,4.1885805,0
DSC00278.JPG,/workspace/P/all_images/DSC00278.JPG,3.2926202,0
DSC00279.JPG,/workspace/P/all_images/DSC00279.JPG,5.2540584,0
DSC00280.JPG,/workspace/P/all_images/DSC00280.JPG,4.5712967,0
DSC00281.JPG,/workspace/P/all_images/DSC00281.JPG,3.7734225,0
DSC00282.JPG,/workspace/P/all_images/DSC00282.JPG,3.646884,0
DSC00283.JPG,/workspace/P/all_images/DSC00283.JPG,4.3062787,0
DSC00284.JPG,/workspace/P/all_images/DSC00284.JPG,3.3776448,0
DSC00285.JPG,/workspace/P/all_images/DSC00285.JPG,3.770523,0
DSC00286.JPG,/workspace/P/all_images/DSC00286.JPG,3.745226,0
DSC00287.JPG,/workspace/P/all_images/DSC00287.JPG,4.4132605,0
DSC00288.JPG,/workspace/P/all_images/DSC00288.JPG,4.0848827,0
DSC00289.JPG,/workspace/P/all_images/DSC00289.JPG,4.25345,0
DSC00290.JPG,/workspace/P/all_images/DSC00290.JPG,3.650772,0
DSC00291.JPG,/workspace/P/all_images/DSC00291.JPG,4.080124,0
DSC00292.JPG,/workspace/P/all_images/DSC00292.JPG,3.4676054,0
DSC00293.JPG,/workspace/P/all_images/DSC00293.JPG,3.5001855,0
DSC00294.JPG,/workspace/P/all_images/DSC00294.JPG,3.7180634,0
DSC00295.JPG,/workspace/P/all_images/DSC00295.JPG,3.2783449,0
DSC00296.JPG,/workspace/P/all_images/DSC00296.JPG,4.1753697,0
DSC00298.JPG,/workspace/P/all_images/DSC00298.JPG,3.0661159,0
DSC00299.JPG,/workspace/P/all_images/DSC00299.JPG,3.900937,0
DSC00300.JPG,/workspace/P/all_images/DSC00300.JPG,4.501356,0
DSC00301.JPG,/workspace/P/all_images/DSC00301.JPG,4.0895834,0
DSC00302.JPG,/workspace/P/all_images/DSC00302.JPG,4.056743,0
DSC00303.JPG,/workspace/P/all_images/DSC00303.JPG,4.1390314,0
DSC00304.JPG,/workspace/P/all_images/DSC00304.JPG,3.7433512,0
DSC00305.JPG,/workspace/P/all_images/DSC00305.JPG,4.786152,0
DSC00306.JPG,/workspace/P/all_images/DSC00306.JPG,5.1027503,0
DSC00307.JPG,/workspace/P/all_images/DSC00307.JPG,4.127553,0
DSC00308.JPG,/workspace/P/all_images/DSC00308.JPG,4.0472736,0
DSC00309.JPG,/workspace/P/all_images/DSC00309.JPG,4.6472416,0
DSC00310.JPG,/workspace/P/all_images/DSC00310.JPG,5.1800566,0
DSC00311.JPG,/workspace/P/all_images/DSC00311.JPG,4.9155517,0
DSC00312.JPG,/workspace/P/all_images/DSC00312.JPG,5.007829,0
DSC00315.JPG,/workspace/P/all_images/DSC00315.JPG,5.004648,0
DSC00316.JPG,/workspace/P/all_images/DSC00316.JPG,4.4399385,0
DSC00319.JPG,/workspace/P/all_images/DSC00319.JPG,4.251082,0
DSC00320.JPG,/workspace/P/all_images/DSC00320.JPG,4.814332,0
DSC00321.JPG,/workspace/P/all_images/DSC00321.JPG,4.2653875,0
DSC00322.JPG,/workspace/P/all_images/DSC00322.JPG,4.5857005,0
DSC00323.JPG,/workspace/P/all_images/DSC00323.JPG,4.9083233,0
DSC00324.JPG,/workspace/P/all_images/DSC00324.JPG,4.298297,0
DSC00325.JPG,/workspace/P/all_images/DSC00325.JPG,4.208155,0
DSC00326.JPG,/workspace/P/all_images/DSC00326.JPG,3.468329,0
DSC00327.JPG,/workspace/P/all_images/DSC00327.JPG,3.81025,0
DSC00328.JPG,/workspace/P/all_images/DSC00328.JPG,3.6999056,0
DSC00329.JPG,/workspace/P/all_images/DSC00329.JPG,4.04786,0
DSC00332.JPG,/workspace/P/all_images/DSC00332.JPG,4.5148034,0
DSC00333.JPG,/workspace/P/all_images/DSC00333.JPG,4.3772984,0
DSC00334.JPG,/workspace/P/all_images/DSC00334.JPG,4.239696,0
DSC00336.JPG,/workspace/P/all_images/DSC00336.JPG,4.067102,0
DSC00339.JPG,/workspace/P/all_images/DSC00339.JPG,4.184833,0
DSC00340.JPG,/workspace/P/all_images/DSC00340.JPG,4.995613,0
DSC00341.JPG,/workspace/P/all_images/DSC00341.JPG,4.789748,0
DSC00342.JPG,/workspace/P/all_images/DSC00342.JPG,4.7294674,0
DSC00344.JPG,/workspace/P/all_images/DSC00344.JPG,5.0140853,0
DSC00346.JPG,/workspace/P/all_images/DSC00346.JPG,3.8825564,0
DSC00347.JPG,/workspace/P/all_images/DSC00347.JPG,4.000299,0
DSC00348.JPG,/workspace/P/all_images/DSC00348.JPG,2.9469025,0
DSC00349.JPG,/workspace/P/all_images/DSC00349.JPG,3.5154583,0
DSC00350.JPG,/workspace/P/all_images/DSC00350.JPG,3.2774324,0
DSC00351.JPG,/workspace/P/all_images/DSC00351.JPG,3.7348058,0
DSC00353.JPG,/workspace/P/all_images/DSC00353.JPG,4.2121863,0
DSC00355.JPG,/workspace/P/all_images/DSC00355.JPG,3.6030807,0
DSC00359.JPG,/workspace/P/all_images/DSC00359.JPG,3.5193622,0
DSC00360.JPG,/workspace/P/all_images/DSC00360.JPG,3.737716,0
DSC00361.JPG,/workspace/P/all_images/DSC00361.JPG,3.7372055,0
DSC00565.JPG,/workspace/P/all_images/DSC00565.JPG,3.455225,0
DSC00566.JPG,/workspace/P/all_images/DSC00566.JPG,3.6199095,0
DSC00567.JPG,/workspace/P/all_images/DSC00567.JPG,3.3344524,0
DSC00568.JPG,/workspace/P/all_images/DSC00568.JPG,3.328535,0
DSC00569.JPG,/workspace/P/all_images/DSC00569.JPG,3.2388952,0
DSC00570.JPG,/workspace/P/all_images/DSC00570.JPG,5.55655,0
DSC00572.JPG,/workspace/P/all_images/DSC00572.JPG,5.0802298,0
DSC00573.JPG,/workspace/P/all_images/DSC00573.JPG,5.099059,0
DSC00574.JPG,/workspace/P/all_images/DSC00574.JPG,5.1948028,0
DSC00575.JPG,/workspace/P/all_images/DSC00575.JPG,5.005682,0
DSC00577.JPG,/workspace/P/all_images/DSC00577.JPG,5.0071583,0
DSC00579.JPG,/workspace/P/all_images/DSC00579.JPG,5.1936464,0
DSC00580.JPG,/workspace/P/all_images/DSC00580.JPG,4.7178426,0
DSC00582.JPG,/workspace/P/all_images/DSC00582.JPG,4.0123463,0
DSC00583.JPG,/workspace/P/all_images/DSC00583.JPG,4.900832,0
DSC00584.JPG,/workspace/P/all_images/DSC00584.JPG,4.4082155,0
DSC00585.JPG,/workspace/P/all_images/DSC00585.JPG,4.1693735,0
DSC00587.JPG,/workspace/P/all_images/DSC00587.JPG,4.2245965,0
DSC00588.JPG,/workspace/P/all_images/DSC00588.JPG,3.9697895,0
DSC00589.JPG,/workspace/P/all_images/DSC00589.JPG,4.2369246,0
DSC00590.JPG,/workspace/P/all_images/DSC00590.JPG,3.9131064,0
DSC00593.JPG,/workspace/P/all_images/DSC00593.JPG,3.0464325,0
DSC00595.JPG,/workspace/P/all_images/DSC00595.JPG,5.4897957,0
DSC00597.JPG,/workspace/P/all_images/DSC00597.JPG,5.206992,0
DSC00598.JPG,/workspace/P/all_images/DSC00598.JPG,5.206479,0
DSC00599.JPG,/workspace/P/all_images/DSC00599.JPG,4.863354,0
DSC00600.JPG,/workspace/P/all_images/DSC00600.JPG,5.1159334,0
DSC00601.JPG,/workspace/P/all_images/DSC00601.JPG,4.7740936,0
DSC00602.JPG,/workspace/P/all_images/DSC00602.JPG,5.53047,0
DSC00604.JPG,/workspace/P/all_images/DSC00604.JPG,5.2469516,0
DSC00606.JPG,/workspace/P/all_images/DSC00606.JPG,5.0024834,0
DSC00609.JPG,/workspace/P/all_images/DSC00609.JPG,5.0530653,0
DSC00611.JPG,/workspace/P/all_images/DSC00611.JPG,4.4697695,0
DSC00613.JPG,/workspace/P/all_images/DSC00613.JPG,4.656155,0
DSC00614.JPG,/workspace/P/all_images/DSC00614.JPG,5.274622,0
DSC00615.JPG,/workspace/P/all_images/DSC00615.JPG,5.4020395,0
DSC00616.JPG,/workspace/P/all_images/DSC00616.JPG,5.3953924,0
DSC00618.JPG,/workspace/P/all_images/DSC00618.JPG,5.056449,0
DSC00619.JPG,/workspace/P/all_images/DSC00619.JPG,4.6379986,0
DSC00620.JPG,/workspace/P/all_images/DSC00620.JPG,3.01532,0
DSC00622.JPG,/workspace/P/all_images/DSC00622.JPG,3.387385,0
DSC00623.JPG,/workspace/P/all_images/DSC00623.JPG,3.7224302,0
DSC00625.JPG,/workspace/P/all_images/DSC00625.JPG,3.7247508,0
DSC00626.JPG,/workspace/P/all_images/DSC00626.JPG,3.335992,0
DSC00627.JPG,/workspace/P/all_images/DSC00627.JPG,3.6602576,0
DSC00628.JPG,/workspace/P/all_images/DSC00628.JPG,4.1275625,0
DSC00629.JPG,/workspace/P/all_images/DSC00629.JPG,3.9780035,0
DSC00630.JPG,/workspace/P/all_images/DSC00630.JPG,4.9053297,0
DSC00631.JPG,/workspace/P/all_images/DSC00631.JPG,5.2468023,0
DSC00633.JPG,/workspace/P/all_images/DSC00633.JPG,3.385135,0
DSC00634.JPG,/workspace/P/all_images/DSC00634.JPG,3.573173,0
DSC00636.JPG,/workspace/P/all_images/DSC00636.JPG,3.3011112,0
DSC00638.JPG,/workspace/P/all_images/DSC00638.JPG,3.8824587,0
DSC00639.JPG,/workspace/P/all_images/DSC00639.JPG,4.221627,0
