index,filepath,label
0,/workspace/P/all_images/DSC00126.JPG,0
1,/workspace/P/all_images/DSC00127.JPG,0
2,/workspace/P/all_images/DSC00128.JPG,0
3,/workspace/P/all_images/DSC00131.JPG,0
4,/workspace/P/all_images/DSC00133.JPG,0
5,/workspace/P/all_images/DSC00135.JPG,0
6,/workspace/P/all_images/DSC00136.JPG,0
7,/workspace/P/all_images/DSC00139.JPG,0
8,/workspace/P/all_images/DSC00140.JPG,0
9,/workspace/P/all_images/DSC00141.JPG,0
10,/workspace/P/all_images/DSC00142.JPG,0
11,/workspace/P/all_images/DSC00143.JPG,0
12,/workspace/P/all_images/DSC00144.JPG,0
13,/workspace/P/all_images/DSC00145.JPG,0
14,/workspace/P/all_images/DSC00147.JPG,0
15,/workspace/P/all_images/DSC00148.JPG,0
16,/workspace/P/all_images/DSC00149.JPG,0
17,/workspace/P/all_images/DSC00152.JPG,0
18,/workspace/P/all_images/DSC00153.JPG,0
19,/workspace/P/all_images/DSC00154.JPG,0
20,/workspace/P/all_images/DSC00157.JPG,0
21,/workspace/P/all_images/DSC00158.JPG,0
22,/workspace/P/all_images/DSC00159.JPG,0
23,/workspace/P/all_images/DSC00160.JPG,0
24,/workspace/P/all_images/DSC00163.JPG,0
25,/workspace/P/all_images/DSC00164.JPG,0
26,/workspace/P/all_images/DSC00165.JPG,0
27,/workspace/P/all_images/DSC00166.JPG,0
28,/workspace/P/all_images/DSC00167.JPG,0
29,/workspace/P/all_images/DSC00168.JPG,0
30,/workspace/P/all_images/DSC00169.JPG,0
31,/workspace/P/all_images/DSC00172.JPG,0
32,/workspace/P/all_images/DSC00173.JPG,0
33,/workspace/P/all_images/DSC00177.JPG,0
34,/workspace/P/all_images/DSC00182.JPG,0
35,/workspace/P/all_images/DSC00183.JPG,0
36,/workspace/P/all_images/DSC00184.JPG,0
37,/workspace/P/all_images/DSC00189.JPG,0
38,/workspace/P/all_images/DSC00192.JPG,0
39,/workspace/P/all_images/DSC00194.JPG,0
40,/workspace/P/all_images/DSC00195.JPG,0
41,/workspace/P/all_images/DSC00197.JPG,0
42,/workspace/P/all_images/DSC00198.JPG,0
43,/workspace/P/all_images/DSC00199.JPG,0
44,/workspace/P/all_images/DSC00200.JPG,0
45,/workspace/P/all_images/DSC00202.JPG,0
46,/workspace/P/all_images/DSC00204.JPG,0
47,/workspace/P/all_images/DSC00206.JPG,0
48,/workspace/P/all_images/DSC00207.JPG,0
49,/workspace/P/all_images/DSC00208.JPG,0
50,/workspace/P/all_images/DSC00209.JPG,0
51,/workspace/P/all_images/DSC00210.JPG,0
52,/workspace/P/all_images/DSC00211.JPG,0
53,/workspace/P/all_images/DSC00213.JPG,0
54,/workspace/P/all_images/DSC00214.JPG,0
55,/workspace/P/all_images/DSC00215.JPG,0
56,/workspace/P/all_images/DSC00217.JPG,0
57,/workspace/P/all_images/DSC00218.JPG,0
58,/workspace/P/all_images/DSC00219.JPG,0
59,/workspace/P/all_images/DSC00220.JPG,0
60,/workspace/P/all_images/DSC00221.JPG,0
61,/workspace/P/all_images/DSC00222.JPG,0
62,/workspace/P/all_images/DSC00223.JPG,0
63,/workspace/P/all_images/DSC00224.JPG,0
64,/workspace/P/all_images/DSC00225.JPG,0
65,/workspace/P/all_images/DSC00226.JPG,0
66,/workspace/P/all_images/DSC00228.JPG,0
67,/workspace/P/all_images/DSC00229.JPG,0
68,/workspace/P/all_images/DSC00230.JPG,0
69,/workspace/P/all_images/DSC00233.JPG,0
70,/workspace/P/all_images/DSC00234.JPG,0
71,/workspace/P/all_images/DSC00235.JPG,0
72,/workspace/P/all_images/DSC00236.JPG,0
73,/workspace/P/all_images/DSC00237.JPG,0
74,/workspace/P/all_images/DSC00238.JPG,0
75,/workspace/P/all_images/DSC00239.JPG,0
76,/workspace/P/all_images/DSC00240.JPG,0
77,/workspace/P/all_images/DSC00241.JPG,0
78,/workspace/P/all_images/DSC00242.JPG,0
79,/workspace/P/all_images/DSC00243.JPG,0
80,/workspace/P/all_images/DSC00244.JPG,0
81,/workspace/P/all_images/DSC00245.JPG,0
82,/workspace/P/all_images/DSC00246.JPG,0
83,/workspace/P/all_images/DSC00247.JPG,0
84,/workspace/P/all_images/DSC00248.JPG,0
85,/workspace/P/all_images/DSC00249.JPG,0
86,/workspace/P/all_images/DSC00250.JPG,0
87,/workspace/P/all_images/DSC00251.JPG,0
88,/workspace/P/all_images/DSC00252.JPG,0
89,/workspace/P/all_images/DSC00253.JPG,0
90,/workspace/P/all_images/DSC00254.JPG,0
91,/workspace/P/all_images/DSC00255.JPG,0
92,/workspace/P/all_images/DSC00257.JPG,0
93,/workspace/P/all_images/DSC00258.JPG,0
94,/workspace/P/all_images/DSC00259.JPG,0
95,/workspace/P/all_images/DSC00260.JPG,0
96,/workspace/P/all_images/DSC00261.JPG,0
97,/workspace/P/all_images/DSC00262.JPG,0
98,/workspace/P/all_images/DSC00263.JPG,0
99,/workspace/P/all_images/DSC00264.JPG,0
100,/workspace/P/all_images/DSC00265.JPG,0
101,/workspace/P/all_images/DSC00266.JPG,0
102,/workspace/P/all_images/DSC00267.JPG,0
103,/workspace/P/all_images/DSC00268.JPG,0
104,/workspace/P/all_images/DSC00269.JPG,0
105,/workspace/P/all_images/DSC00271.JPG,0
106,/workspace/P/all_images/DSC00272.JPG,0
107,/workspace/P/all_images/DSC00273.JPG,0
108,/workspace/P/all_images/DSC00274.JPG,0
109,/workspace/P/all_images/DSC00275.JPG,0
110,/workspace/P/all_images/DSC00276.JPG,0
111,/workspace/P/all_images/DSC00277.JPG,0
112,/workspace/P/all_images/DSC00278.JPG,0
113,/workspace/P/all_images/DSC00279.JPG,0
114,/workspace/P/all_images/DSC00280.JPG,0
115,/workspace/P/all_images/DSC00281.JPG,0
116,/workspace/P/all_images/DSC00282.JPG,0
117,/workspace/P/all_images/DSC00283.JPG,0
118,/workspace/P/all_images/DSC00284.JPG,0
119,/workspace/P/all_images/DSC00285.JPG,0
120,/workspace/P/all_images/DSC00286.JPG,0
121,/workspace/P/all_images/DSC00287.JPG,0
122,/workspace/P/all_images/DSC00288.JPG,0
123,/workspace/P/all_images/DSC00289.JPG,0
124,/workspace/P/all_images/DSC00290.JPG,0
125,/workspace/P/all_images/DSC00291.JPG,0
126,/workspace/P/all_images/DSC00292.JPG,0
127,/workspace/P/all_images/DSC00293.JPG,0
128,/workspace/P/all_images/DSC00294.JPG,0
129,/workspace/P/all_images/DSC00295.JPG,0
130,/workspace/P/all_images/DSC00296.JPG,0
131,/workspace/P/all_images/DSC00298.JPG,0
132,/workspace/P/all_images/DSC00299.JPG,0
133,/workspace/P/all_images/DSC00300.JPG,0
134,/workspace/P/all_images/DSC00301.JPG,0
135,/workspace/P/all_images/DSC00302.JPG,0
136,/workspace/P/all_images/DSC00303.JPG,0
137,/workspace/P/all_images/DSC00304.JPG,0
138,/workspace/P/all_images/DSC00305.JPG,0
139,/workspace/P/all_images/DSC00306.JPG,0
140,/workspace/P/all_images/DSC00307.JPG,0
141,/workspace/P/all_images/DSC00308.JPG,0
142,/workspace/P/all_images/DSC00309.JPG,0
143,/workspace/P/all_images/DSC00310.JPG,0
144,/workspace/P/all_images/DSC00311.JPG,0
145,/workspace/P/all_images/DSC00312.JPG,0
146,/workspace/P/all_images/DSC00315.JPG,0
147,/workspace/P/all_images/DSC00316.JPG,0
148,/workspace/P/all_images/DSC00319.JPG,0
149,/workspace/P/all_images/DSC00320.JPG,0
150,/workspace/P/all_images/DSC00321.JPG,0
151,/workspace/P/all_images/DSC00322.JPG,0
152,/workspace/P/all_images/DSC00323.JPG,0
153,/workspace/P/all_images/DSC00324.JPG,0
154,/workspace/P/all_images/DSC00325.JPG,0
155,/workspace/P/all_images/DSC00326.JPG,0
156,/workspace/P/all_images/DSC00327.JPG,0
157,/workspace/P/all_images/DSC00328.JPG,0
158,/workspace/P/all_images/DSC00329.JPG,0
159,/workspace/P/all_images/DSC00332.JPG,0
160,/workspace/P/all_images/DSC00333.JPG,0
161,/workspace/P/all_images/DSC00334.JPG,0
162,/workspace/P/all_images/DSC00336.JPG,0
163,/workspace/P/all_images/DSC00339.JPG,0
164,/workspace/P/all_images/DSC00340.JPG,0
165,/workspace/P/all_images/DSC00341.JPG,0
166,/workspace/P/all_images/DSC00342.JPG,0
167,/workspace/P/all_images/DSC00344.JPG,0
168,/workspace/P/all_images/DSC00346.JPG,0
169,/workspace/P/all_images/DSC00347.JPG,0
170,/workspace/P/all_images/DSC00348.JPG,0
171,/workspace/P/all_images/DSC00349.JPG,0
172,/workspace/P/all_images/DSC00350.JPG,0
173,/workspace/P/all_images/DSC00351.JPG,0
174,/workspace/P/all_images/DSC00353.JPG,0
175,/workspace/P/all_images/DSC00355.JPG,0
176,/workspace/P/all_images/DSC00359.JPG,0
177,/workspace/P/all_images/DSC00360.JPG,0
178,/workspace/P/all_images/DSC00361.JPG,0
179,/workspace/P/all_images/DSC00565.JPG,0
180,/workspace/P/all_images/DSC00566.JPG,0
181,/workspace/P/all_images/DSC00567.JPG,0
182,/workspace/P/all_images/DSC00568.JPG,0
183,/workspace/P/all_images/DSC00569.JPG,0
184,/workspace/P/all_images/DSC00570.JPG,0
185,/workspace/P/all_images/DSC00572.JPG,0
186,/workspace/P/all_images/DSC00573.JPG,0
187,/workspace/P/all_images/DSC00574.JPG,0
188,/workspace/P/all_images/DSC00575.JPG,0
189,/workspace/P/all_images/DSC00577.JPG,0
190,/workspace/P/all_images/DSC00579.JPG,0
191,/workspace/P/all_images/DSC00580.JPG,0
192,/workspace/P/all_images/DSC00582.JPG,0
193,/workspace/P/all_images/DSC00583.JPG,0
194,/workspace/P/all_images/DSC00584.JPG,0
195,/workspace/P/all_images/DSC00585.JPG,0
196,/workspace/P/all_images/DSC00587.JPG,0
197,/workspace/P/all_images/DSC00588.JPG,0
198,/workspace/P/all_images/DSC00589.JPG,0
199,/workspace/P/all_images/DSC00590.JPG,0
200,/workspace/P/all_images/DSC00593.JPG,0
201,/workspace/P/all_images/DSC00595.JPG,0
202,/workspace/P/all_images/DSC00597.JPG,0
203,/workspace/P/all_images/DSC00598.JPG,0
204,/workspace/P/all_images/DSC00599.JPG,0
205,/workspace/P/all_images/DSC00600.JPG,0
206,/workspace/P/all_images/DSC00601.JPG,0
207,/workspace/P/all_images/DSC00602.JPG,0
208,/workspace/P/all_images/DSC00604.JPG,0
209,/workspace/P/all_images/DSC00606.JPG,0
210,/workspace/P/all_images/DSC00609.JPG,0
211,/workspace/P/all_images/DSC00611.JPG,0
212,/workspace/P/all_images/DSC00613.JPG,0
213,/workspace/P/all_images/DSC00614.JPG,0
214,/workspace/P/all_images/DSC00615.JPG,0
215,/workspace/P/all_images/DSC00616.JPG,0
216,/workspace/P/all_images/DSC00618.JPG,0
217,/workspace/P/all_images/DSC00619.JPG,0
218,/workspace/P/all_images/DSC00620.JPG,0
219,/workspace/P/all_images/DSC00622.JPG,0
220,/workspace/P/all_images/DSC00623.JPG,0
221,/workspace/P/all_images/DSC00625.JPG,0
222,/workspace/P/all_images/DSC00626.JPG,0
223,/workspace/P/all_images/DSC00627.JPG,0
224,/workspace/P/all_images/DSC00628.JPG,0
225,/workspace/P/all_images/DSC00629.JPG,0
226,/workspace/P/all_images/DSC00630.JPG,0
227,/workspace/P/all_images/DSC00631.JPG,0
228,/workspace/P/all_images/DSC00633.JPG,0
229,/workspace/P/all_images/DSC00634.JPG,0
230,/workspace/P/all_images/DSC00636.JPG,0
231,/workspace/P/all_images/DSC00638.JPG,0
232,/workspace/P/all_images/DSC00639.JPG,0
233,/workspace/P/SELECTED/DSC00129.JPG,1
234,/workspace/P/SELECTED/DSC00130.JPG,1
235,/workspace/P/SELECTED/DSC00132.JPG,1
236,/workspace/P/SELECTED/DSC00134.JPG,1
237,/workspace/P/SELECTED/DSC00151.JPG,1
238,/workspace/P/SELECTED/DSC00155.JPG,1
239,/workspace/P/SELECTED/DSC00156.JPG,1
240,/workspace/P/SELECTED/DSC00161.JPG,1
241,/workspace/P/SELECTED/DSC00162.JPG,1
242,/workspace/P/SELECTED/DSC00170.JPG,1
243,/workspace/P/SELECTED/DSC00171.JPG,1
244,/workspace/P/SELECTED/DSC00174.JPG,1
245,/workspace/P/SELECTED/DSC00175.JPG,1
246,/workspace/P/SELECTED/DSC00176.JPG,1
247,/workspace/P/SELECTED/DSC00178.JPG,1
248,/workspace/P/SELECTED/DSC00180.JPG,1
249,/workspace/P/SELECTED/DSC00185.JPG,1
250,/workspace/P/SELECTED/DSC00186.JPG,1
251,/workspace/P/SELECTED/DSC00187.JPG,1
252,/workspace/P/SELECTED/DSC00190.JPG,1
253,/workspace/P/SELECTED/DSC00196.JPG,1
254,/workspace/P/SELECTED/DSC00201.JPG,1
255,/workspace/P/SELECTED/DSC00203.JPG,1
256,/workspace/P/SELECTED/DSC00216.JPG,1
257,/workspace/P/SELECTED/DSC00227.JPG,1
258,/workspace/P/SELECTED/DSC00231.JPG,1
259,/workspace/P/SELECTED/DSC00232.JPG,1
260,/workspace/P/SELECTED/DSC00256.JPG,1
261,/workspace/P/SELECTED/DSC00270.JPG,1
262,/workspace/P/SELECTED/DSC00297.JPG,1
263,/workspace/P/SELECTED/DSC00313.JPG,1
264,/workspace/P/SELECTED/DSC00314.JPG,1
265,/workspace/P/SELECTED/DSC00317.JPG,1
266,/workspace/P/SELECTED/DSC00318.JPG,1
267,/workspace/P/SELECTED/DSC00330.JPG,1
268,/workspace/P/SELECTED/DSC00331.JPG,1
269,/workspace/P/SELECTED/DSC00335.JPG,1
270,/workspace/P/SELECTED/DSC00337.JPG,1
271,/workspace/P/SELECTED/DSC00343.JPG,1
272,/workspace/P/SELECTED/DSC00345.JPG,1
273,/workspace/P/SELECTED/DSC00352.JPG,1
274,/workspace/P/SELECTED/DSC00354.JPG,1
275,/workspace/P/SELECTED/DSC00356.JPG,1
276,/workspace/P/SELECTED/DSC00357.JPG,1
277,/workspace/P/SELECTED/DSC00358.JPG,1
278,/workspace/P/SELECTED/DSC00362.JPG,1
279,/workspace/P/SELECTED/DSC00363.JPG,1
280,/workspace/P/SELECTED/DSC00365.JPG,1
281,/workspace/P/SELECTED/DSC00366.JPG,1
282,/workspace/P/SELECTED/DSC00376.JPG,1
283,/workspace/P/SELECTED/DSC00380.JPG,1
284,/workspace/P/SELECTED/DSC00388.JPG,1
285,/workspace/P/SELECTED/DSC00571.JPG,1
286,/workspace/P/SELECTED/DSC00576.JPG,1
287,/workspace/P/SELECTED/DSC00581.JPG,1
288,/workspace/P/SELECTED/DSC00586.JPG,1
289,/workspace/P/SELECTED/DSC00591.JPG,1
290,/workspace/P/SELECTED/DSC00592.JPG,1
291,/workspace/P/SELECTED/DSC00594.JPG,1
292,/workspace/P/SELECTED/DSC00596.JPG,1
293,/workspace/P/SELECTED/DSC00603.JPG,1
294,/workspace/P/SELECTED/DSC00605.JPG,1
295,/workspace/P/SELECTED/DSC00607.JPG,1
296,/workspace/P/SELECTED/DSC00608.JPG,1
297,/workspace/P/SELECTED/DSC00610.JPG,1
298,/workspace/P/SELECTED/DSC00612.JPG,1
299,/workspace/P/SELECTED/DSC00617.JPG,1
300,/workspace/P/SELECTED/DSC00621.JPG,1
301,/workspace/P/SELECTED/DSC00624.JPG,1
302,/workspace/P/SELECTED/DSC00632.JPG,1
303,/workspace/P/SELECTED/DSC00635.JPG,1
304,/workspace/P/SELECTED/DSC00637.JPG,1
