feature,cohens_d,good_mean,bad_mean
features[522],0.56718445,-0.13081536,-0.35449427
features[538],0.5569505,-0.028604018,0.31113246
features[797],0.5009861,-0.59101015,-0.30047533
features[688],0.49397945,-0.12766668,0.10978949
features[668],0.46441764,-0.40739444,-0.66230017
features[673],0.43836978,0.6031089,0.36578166
features[708],0.43123287,-0.19522972,-0.087063715
features[283],0.4299139,-0.24103001,-0.0734732
features[210],0.42839676,-0.14259586,-0.3220294
features[782],0.42813155,-0.11001348,0.1290428
features[92],0.4231507,-0.030582687,-0.26126078
features[143],0.4227833,-0.49875578,-0.26380333
features[504],0.42199308,-0.34578827,-0.13716072
features[677],0.41948393,0.07941565,0.28719342
features[573],0.41864046,-0.20369396,-0.038338117
features[616],0.41688833,-0.3423483,-0.5470028
features[452],0.40920898,-0.41296443,-0.62582153
features[590],0.40827757,-0.11008316,-0.26742747
features[158],0.39973527,-0.19901644,-0.36882856
features[217],0.39337093,-0.78453684,-0.60123914
