feature_dim,mean_diff,abs_t_stat,t_stat,p_val,cohens_d,abs_cohens_d,roc_auc_directed,correlation_direction
500,-0.009709601,3.182862,-3.182862,0.0018616627,-0.4278211,0.4278211,0.6372198378636147,Negative (-)
406,-0.006509425,3.1306188,-3.1306188,0.0021622402,-0.40271497,0.40271497,0.6117668097281831,Negative (-)
437,-0.0065523786,3.0201755,-3.0201755,0.0030494803,-0.38768205,0.38768205,0.6059251311397233,Negative (-)
180,0.008431476,3.0137508,3.0137508,0.0031859854,0.4186303,0.4186303,0.6068192656175488,Positive (+)
154,0.006919437,2.9794261,2.9794261,0.0035099457,0.40337342,0.40337342,0.6198736289938007,Positive (+)
230,-0.0069576707,2.9497585,-2.9497585,0.0037959851,-0.3838171,0.3838171,0.6090844062947067,Negative (-)
157,0.0074447487,2.919425,2.919425,0.004163754,0.3813842,0.3813842,0.6245231282784931,Positive (+)
238,0.005566526,2.8213985,2.8213985,0.005568285,0.3688414,0.3688414,0.5877443967572722,Positive (+)
105,0.00655663,2.6990051,2.6990051,0.007983005,0.36590797,0.36590797,0.5985336194563662,Positive (+)
109,0.005979391,2.6343582,2.6343582,0.009483548,0.34106565,0.34106565,0.6077134000953743,Positive (+)
196,-0.0068497555,2.5904584,-2.5904584,0.010731974,-0.33897305,0.33897305,0.6078922269909395,Negative (-)
361,-0.006351824,2.5220306,-2.5220306,0.01296905,-0.3354737,0.3354737,0.595553171196948,Negative (-)
345,-0.005046004,2.4875426,-2.4875426,0.014218696,-0.32967415,0.32967415,0.5975202670481641,Negative (-)
102,0.0067341984,2.4746912,2.4746912,0.014734925,0.33091837,0.33091837,0.5989508822126848,Positive (+)
304,-0.0051051583,2.4601393,-2.4601393,0.015091759,-0.29939887,0.29939887,0.5864926084883166,Negative (-)
410,0.007419535,2.395761,2.395761,0.018278813,0.3397308,0.3397308,0.5971030042918455,Positive (+)
169,0.006135436,2.3879678,2.3879678,0.018555924,0.32582423,0.32582423,0.5939437291368623,Positive (+)
258,0.01234972,2.3792872,2.3792872,0.01891331,0.316588,0.316588,0.5940033381020505,Positive (+)
355,-0.007981434,2.3665245,-2.3665245,0.019497916,-0.3090193,0.3090193,0.5937649022412971,Negative (-)
203,-0.005555295,2.3559382,-2.3559382,0.020106368,-0.31575677,0.31575677,0.6005603242727706,Negative (-)
283,-0.00627478,2.355889,-2.355889,0.020217618,-0.32929125,0.32929125,0.5950166905102527,Negative (-)
317,-0.008952897,2.30146,-2.30146,0.023247318,-0.32548136,0.32548136,0.5944802098235575,Negative (-)
511,-0.004238423,2.2800014,-2.2800014,0.02438102,-0.3053469,0.3053469,0.6026466380543634,Negative (-)
381,0.008232927,2.1952145,2.1952145,0.030081518,0.29404363,0.29404363,0.5813066285169289,Positive (+)
255,0.0052440306,2.1853137,2.1853137,0.030818984,0.2928621,0.2928621,0.5867906533142585,Positive (+)
373,0.003987358,2.1759975,2.1759975,0.031510845,0.29025015,0.29025015,0.5817238912732475,Positive (+)
81,-0.0068089627,2.1589344,-2.1589344,0.032747213,-0.27971932,0.27971932,0.5836909871244635,Negative (-)
201,0.0061399057,2.1320915,2.1320915,0.035053838,0.28615925,0.28615925,0.5830352885073915,Positive (+)
474,0.0051000975,2.123865,2.123865,0.035847098,0.29360294,0.29360294,0.5997257987601334,Positive (+)
507,0.005656293,2.122073,2.122073,0.036060072,0.29883993,0.29883993,0.5897114926084883,Positive (+)
367,0.007831514,2.1055272,2.1055272,0.0371231,0.26466736,0.26466736,0.6018717215069147,Positive (+)
209,0.0045831464,2.0963862,2.0963862,0.038153853,0.28041527,0.28041527,0.5773128278493086,Positive (+)
84,-0.004363545,2.077956,-2.077956,0.039847713,-0.2777004,0.2777004,0.5646161182641869,Negative (-)
378,0.009897055,2.0768685,2.0768685,0.04017004,0.29638758,0.29638758,0.5737362899380066,Positive (+)
12,-0.009155709,2.0644226,-2.0644226,0.04108981,-0.27236205,0.27236205,0.5882212684787792,Negative (-)
184,0.004218228,2.0600133,2.0600133,0.041442595,0.26614088,0.26614088,0.5819027181688124,Positive (+)
464,0.00606602,2.0375323,2.0375323,0.043819487,0.27396458,0.27396458,0.5773724368144968,Positive (+)
337,0.0051433183,2.0277574,2.0277574,0.044910334,0.27945468,0.27945468,0.5740939437291368,Positive (+)
14,0.005307892,2.0205402,2.0205402,0.04566506,0.27848655,0.27848655,0.5901883643299952,Positive (+)
8,0.0064243115,2.0176578,2.0176578,0.045653664,0.2548231,0.2548231,0.5841082498807821,Positive (+)
