filename,filepath,prob_selected,label
DSC00129.JPG,/workspace/P/SELECTED/DSC00129.JPG,0.8671875,1
DSC00130.JPG,/workspace/P/SELECTED/DSC00130.JPG,0.81640625,1
DSC00132.JPG,/workspace/P/SELECTED/DSC00132.JPG,0.8359375,1
DSC00134.JPG,/workspace/P/SELECTED/DSC00134.JPG,0.796875,1
DSC00151.JPG,/workspace/P/SELECTED/DSC00151.JPG,0.77734375,1
DSC00155.JPG,/workspace/P/SELECTED/DSC00155.JPG,0.8515625,1
DSC00156.JPG,/workspace/P/SELECTED/DSC00156.JPG,0.8515625,1
DSC00161.JPG,/workspace/P/SELECTED/DSC00161.JPG,0.796875,1
DSC00162.JPG,/workspace/P/SELECTED/DSC00162.JPG,0.77734375,1
DSC00170.JPG,/workspace/P/SELECTED/DSC00170.JPG,0.73046875,1
DSC00171.JPG,/workspace/P/SELECTED/DSC00171.JPG,0.73046875,1
DSC00174.JPG,/workspace/P/SELECTED/DSC00174.JPG,0.81640625,1
DSC00175.JPG,/workspace/P/SELECTED/DSC00175.JPG,0.81640625,1
DSC00176.JPG,/workspace/P/SELECTED/DSC00176.JPG,0.8515625,1
DSC00178.JPG,/workspace/P/SELECTED/DSC00178.JPG,0.87890625,1
DSC00180.JPG,/workspace/P/SELECTED/DSC00180.JPG,0.796875,1
DSC00185.JPG,/workspace/P/SELECTED/DSC00185.JPG,0.796875,1
DSC00186.JPG,/workspace/P/SELECTED/DSC00186.JPG,0.81640625,1
DSC00187.JPG,/workspace/P/SELECTED/DSC00187.JPG,0.81640625,1
DSC00190.JPG,/workspace/P/SELECTED/DSC00190.JPG,0.8359375,1
DSC00196.JPG,/workspace/P/SELECTED/DSC00196.JPG,0.8515625,1
DSC00201.JPG,/workspace/P/SELECTED/DSC00201.JPG,0.8671875,1
DSC00203.JPG,/workspace/P/SELECTED/DSC00203.JPG,0.8515625,1
DSC00216.JPG,/workspace/P/SELECTED/DSC00216.JPG,0.77734375,1
DSC00227.JPG,/workspace/P/SELECTED/DSC00227.JPG,0.77734375,1
DSC00231.JPG,/workspace/P/SELECTED/DSC00231.JPG,0.796875,1
DSC00232.JPG,/workspace/P/SELECTED/DSC00232.JPG,0.73046875,1
DSC00256.JPG,/workspace/P/SELECTED/DSC00256.JPG,0.8515625,1
DSC00270.JPG,/workspace/P/SELECTED/DSC00270.JPG,0.8359375,1
DSC00297.JPG,/workspace/P/SELECTED/DSC00297.JPG,0.75390625,1
DSC00313.JPG,/workspace/P/SELECTED/DSC00313.JPG,0.77734375,1
DSC00314.JPG,/workspace/P/SELECTED/DSC00314.JPG,0.75390625,1
DSC00317.JPG,/workspace/P/SELECTED/DSC00317.JPG,0.8359375,1
DSC00318.JPG,/workspace/P/SELECTED/DSC00318.JPG,0.8359375,1
DSC00330.JPG,/workspace/P/SELECTED/DSC00330.JPG,0.87890625,1
DSC00331.JPG,/workspace/P/SELECTED/DSC00331.JPG,0.8359375,1
DSC00335.JPG,/workspace/P/SELECTED/DSC00335.JPG,0.8359375,1
DSC00337.JPG,/workspace/P/SELECTED/DSC00337.JPG,0.8359375,1
DSC00343.JPG,/workspace/P/SELECTED/DSC00343.JPG,0.81640625,1
DSC00345.JPG,/workspace/P/SELECTED/DSC00345.JPG,0.8359375,1
DSC00352.JPG,/workspace/P/SELECTED/DSC00352.JPG,0.8359375,1
DSC00354.JPG,/workspace/P/SELECTED/DSC00354.JPG,0.87890625,1
DSC00356.JPG,/workspace/P/SELECTED/DSC00356.JPG,0.8515625,1
DSC00357.JPG,/workspace/P/SELECTED/DSC00357.JPG,0.8359375,1
DSC00358.JPG,/workspace/P/SELECTED/DSC00358.JPG,0.8515625,1
DSC00362.JPG,/workspace/P/SELECTED/DSC00362.JPG,0.8515625,1
DSC00363.JPG,/workspace/P/SELECTED/DSC00363.JPG,0.8671875,1
DSC00365.JPG,/workspace/P/SELECTED/DSC00365.JPG,0.8671875,1
DSC00366.JPG,/workspace/P/SELECTED/DSC00366.JPG,0.8515625,1
DSC00376.JPG,/workspace/P/SELECTED/DSC00376.JPG,0.8359375,1
DSC00380.JPG,/workspace/P/SELECTED/DSC00380.JPG,0.8671875,1
DSC00388.JPG,/workspace/P/SELECTED/DSC00388.JPG,0.8515625,1
DSC00571.JPG,/workspace/P/SELECTED/DSC00571.JPG,0.8515625,1
DSC00576.JPG,/workspace/P/SELECTED/DSC00576.JPG,0.8359375,1
DSC00581.JPG,/workspace/P/SELECTED/DSC00581.JPG,0.8359375,1
DSC00586.JPG,/workspace/P/SELECTED/DSC00586.JPG,0.8515625,1
DSC00591.JPG,/workspace/P/SELECTED/DSC00591.JPG,0.8359375,1
DSC00592.JPG,/workspace/P/SELECTED/DSC00592.JPG,0.8359375,1
DSC00594.JPG,/workspace/P/SELECTED/DSC00594.JPG,0.87890625,1
DSC00596.JPG,/workspace/P/SELECTED/DSC00596.JPG,0.87890625,1
DSC00603.JPG,/workspace/P/SELECTED/DSC00603.JPG,0.8515625,1
DSC00605.JPG,/workspace/P/SELECTED/DSC00605.JPG,0.8359375,1
DSC00607.JPG,/workspace/P/SELECTED/DSC00607.JPG,0.8359375,1
DSC00608.JPG,/workspace/P/SELECTED/DSC00608.JPG,0.81640625,1
DSC00610.JPG,/workspace/P/SELECTED/DSC00610.JPG,0.8359375,1
DSC00612.JPG,/workspace/P/SELECTED/DSC00612.JPG,0.90625,1
DSC00617.JPG,/workspace/P/SELECTED/DSC00617.JPG,0.8515625,1
DSC00621.JPG,/workspace/P/SELECTED/DSC00621.JPG,0.8515625,1
DSC00624.JPG,/workspace/P/SELECTED/DSC00624.JPG,0.87890625,1
DSC00632.JPG,/workspace/P/SELECTED/DSC00632.JPG,0.8359375,1
DSC00635.JPG,/workspace/P/SELECTED/DSC00635.JPG,0.8671875,1
DSC00637.JPG,/workspace/P/SELECTED/DSC00637.JPG,0.8671875,1
DSC00126.JPG,/workspace/P/all_images/DSC00126.JPG,0.8515625,0
DSC00127.JPG,/workspace/P/all_images/DSC00127.JPG,0.81640625,0
DSC00128.JPG,/workspace/P/all_images/DSC00128.JPG,0.8359375,0
DSC00131.JPG,/workspace/P/all_images/DSC00131.JPG,0.8671875,0
DSC00133.JPG,/workspace/P/all_images/DSC00133.JPG,0.81640625,0
DSC00135.JPG,/workspace/P/all_images/DSC00135.JPG,0.81640625,0
DSC00136.JPG,/workspace/P/all_images/DSC00136.JPG,0.81640625,0
DSC00139.JPG,/workspace/P/all_images/DSC00139.JPG,0.796875,0
DSC00140.JPG,/workspace/P/all_images/DSC00140.JPG,0.81640625,0
DSC00141.JPG,/workspace/P/all_images/DSC00141.JPG,0.75390625,0
DSC00142.JPG,/workspace/P/all_images/DSC00142.JPG,0.70703125,0
DSC00143.JPG,/workspace/P/all_images/DSC00143.JPG,0.5625,0
DSC00144.JPG,/workspace/P/all_images/DSC00144.JPG,0.77734375,0
DSC00145.JPG,/workspace/P/all_images/DSC00145.JPG,0.75390625,0
DSC00147.JPG,/workspace/P/all_images/DSC00147.JPG,0.81640625,0
DSC00148.JPG,/workspace/P/all_images/DSC00148.JPG,0.81640625,0
DSC00149.JPG,/workspace/P/all_images/DSC00149.JPG,0.77734375,0
DSC00152.JPG,/workspace/P/all_images/DSC00152.JPG,0.77734375,0
DSC00153.JPG,/workspace/P/all_images/DSC00153.JPG,0.796875,0
DSC00154.JPG,/workspace/P/all_images/DSC00154.JPG,0.8515625,0
DSC00157.JPG,/workspace/P/all_images/DSC00157.JPG,0.796875,0
DSC00158.JPG,/workspace/P/all_images/DSC00158.JPG,0.81640625,0
DSC00159.JPG,/workspace/P/all_images/DSC00159.JPG,0.796875,0
DSC00160.JPG,/workspace/P/all_images/DSC00160.JPG,0.8359375,0
DSC00163.JPG,/workspace/P/all_images/DSC00163.JPG,0.75390625,0
DSC00164.JPG,/workspace/P/all_images/DSC00164.JPG,0.77734375,0
DSC00165.JPG,/workspace/P/all_images/DSC00165.JPG,0.73046875,0
DSC00166.JPG,/workspace/P/all_images/DSC00166.JPG,0.73046875,0
DSC00167.JPG,/workspace/P/all_images/DSC00167.JPG,0.6796875,0
DSC00168.JPG,/workspace/P/all_images/DSC00168.JPG,0.75390625,0
DSC00169.JPG,/workspace/P/all_images/DSC00169.JPG,0.75390625,0
DSC00172.JPG,/workspace/P/all_images/DSC00172.JPG,0.70703125,0
DSC00173.JPG,/workspace/P/all_images/DSC00173.JPG,0.81640625,0
DSC00177.JPG,/workspace/P/all_images/DSC00177.JPG,0.8515625,0
DSC00182.JPG,/workspace/P/all_images/DSC00182.JPG,0.796875,0
DSC00183.JPG,/workspace/P/all_images/DSC00183.JPG,0.77734375,0
DSC00184.JPG,/workspace/P/all_images/DSC00184.JPG,0.8359375,0
DSC00189.JPG,/workspace/P/all_images/DSC00189.JPG,0.8359375,0
DSC00192.JPG,/workspace/P/all_images/DSC00192.JPG,0.81640625,0
DSC00194.JPG,/workspace/P/all_images/DSC00194.JPG,0.796875,0
DSC00195.JPG,/workspace/P/all_images/DSC00195.JPG,0.8359375,0
DSC00197.JPG,/workspace/P/all_images/DSC00197.JPG,0.77734375,0
DSC00198.JPG,/workspace/P/all_images/DSC00198.JPG,0.77734375,0
DSC00199.JPG,/workspace/P/all_images/DSC00199.JPG,0.73046875,0
DSC00200.JPG,/workspace/P/all_images/DSC00200.JPG,0.796875,0
DSC00202.JPG,/workspace/P/all_images/DSC00202.JPG,0.81640625,0
DSC00204.JPG,/workspace/P/all_images/DSC00204.JPG,0.8359375,0
DSC00206.JPG,/workspace/P/all_images/DSC00206.JPG,0.75390625,0
DSC00207.JPG,/workspace/P/all_images/DSC00207.JPG,0.75390625,0
DSC00208.JPG,/workspace/P/all_images/DSC00208.JPG,0.75390625,0
DSC00209.JPG,/workspace/P/all_images/DSC00209.JPG,0.75390625,0
DSC00210.JPG,/workspace/P/all_images/DSC00210.JPG,0.73046875,0
DSC00211.JPG,/workspace/P/all_images/DSC00211.JPG,0.77734375,0
DSC00213.JPG,/workspace/P/all_images/DSC00213.JPG,0.77734375,0
DSC00214.JPG,/workspace/P/all_images/DSC00214.JPG,0.75390625,0
DSC00215.JPG,/workspace/P/all_images/DSC00215.JPG,0.73046875,0
DSC00217.JPG,/workspace/P/all_images/DSC00217.JPG,0.70703125,0
DSC00218.JPG,/workspace/P/all_images/DSC00218.JPG,0.77734375,0
DSC00219.JPG,/workspace/P/all_images/DSC00219.JPG,0.77734375,0
DSC00220.JPG,/workspace/P/all_images/DSC00220.JPG,0.77734375,0
DSC00221.JPG,/workspace/P/all_images/DSC00221.JPG,0.77734375,0
DSC00222.JPG,/workspace/P/all_images/DSC00222.JPG,0.796875,0
DSC00223.JPG,/workspace/P/all_images/DSC00223.JPG,0.75390625,0
DSC00224.JPG,/workspace/P/all_images/DSC00224.JPG,0.77734375,0
DSC00225.JPG,/workspace/P/all_images/DSC00225.JPG,0.796875,0
DSC00226.JPG,/workspace/P/all_images/DSC00226.JPG,0.75390625,0
DSC00228.JPG,/workspace/P/all_images/DSC00228.JPG,0.75390625,0
DSC00229.JPG,/workspace/P/all_images/DSC00229.JPG,0.75390625,0
DSC00230.JPG,/workspace/P/all_images/DSC00230.JPG,0.73046875,0
DSC00233.JPG,/workspace/P/all_images/DSC00233.JPG,0.77734375,0
DSC00234.JPG,/workspace/P/all_images/DSC00234.JPG,0.81640625,0
DSC00235.JPG,/workspace/P/all_images/DSC00235.JPG,0.77734375,0
DSC00236.JPG,/workspace/P/all_images/DSC00236.JPG,0.81640625,0
DSC00237.JPG,/workspace/P/all_images/DSC00237.JPG,0.796875,0
DSC00238.JPG,/workspace/P/all_images/DSC00238.JPG,0.81640625,0
DSC00239.JPG,/workspace/P/all_images/DSC00239.JPG,0.8359375,0
DSC00240.JPG,/workspace/P/all_images/DSC00240.JPG,0.81640625,0
DSC00241.JPG,/workspace/P/all_images/DSC00241.JPG,0.8671875,0
DSC00242.JPG,/workspace/P/all_images/DSC00242.JPG,0.796875,0
DSC00243.JPG,/workspace/P/all_images/DSC00243.JPG,0.81640625,0
DSC00244.JPG,/workspace/P/all_images/DSC00244.JPG,0.796875,0
DSC00245.JPG,/workspace/P/all_images/DSC00245.JPG,0.8359375,0
DSC00246.JPG,/workspace/P/all_images/DSC00246.JPG,0.796875,0
DSC00247.JPG,/workspace/P/all_images/DSC00247.JPG,0.8515625,0
DSC00248.JPG,/workspace/P/all_images/DSC00248.JPG,0.796875,0
DSC00249.JPG,/workspace/P/all_images/DSC00249.JPG,0.81640625,0
DSC00250.JPG,/workspace/P/all_images/DSC00250.JPG,0.8359375,0
DSC00251.JPG,/workspace/P/all_images/DSC00251.JPG,0.81640625,0
DSC00252.JPG,/workspace/P/all_images/DSC00252.JPG,0.8515625,0
DSC00253.JPG,/workspace/P/all_images/DSC00253.JPG,0.796875,0
DSC00254.JPG,/workspace/P/all_images/DSC00254.JPG,0.8671875,0
DSC00255.JPG,/workspace/P/all_images/DSC00255.JPG,0.8359375,0
DSC00257.JPG,/workspace/P/all_images/DSC00257.JPG,0.8359375,0
DSC00258.JPG,/workspace/P/all_images/DSC00258.JPG,0.8359375,0
DSC00259.JPG,/workspace/P/all_images/DSC00259.JPG,0.8359375,0
DSC00260.JPG,/workspace/P/all_images/DSC00260.JPG,0.8515625,0
DSC00261.JPG,/workspace/P/all_images/DSC00261.JPG,0.796875,0
DSC00262.JPG,/workspace/P/all_images/DSC00262.JPG,0.8359375,0
DSC00263.JPG,/workspace/P/all_images/DSC00263.JPG,0.81640625,0
DSC00264.JPG,/workspace/P/all_images/DSC00264.JPG,0.81640625,0
DSC00265.JPG,/workspace/P/all_images/DSC00265.JPG,0.796875,0
DSC00266.JPG,/workspace/P/all_images/DSC00266.JPG,0.81640625,0
DSC00267.JPG,/workspace/P/all_images/DSC00267.JPG,0.81640625,0
DSC00268.JPG,/workspace/P/all_images/DSC00268.JPG,0.81640625,0
DSC00269.JPG,/workspace/P/all_images/DSC00269.JPG,0.8359375,0
DSC00271.JPG,/workspace/P/all_images/DSC00271.JPG,0.81640625,0
DSC00272.JPG,/workspace/P/all_images/DSC00272.JPG,0.8359375,0
DSC00273.JPG,/workspace/P/all_images/DSC00273.JPG,0.8359375,0
DSC00274.JPG,/workspace/P/all_images/DSC00274.JPG,0.81640625,0
DSC00275.JPG,/workspace/P/all_images/DSC00275.JPG,0.81640625,0
DSC00276.JPG,/workspace/P/all_images/DSC00276.JPG,0.81640625,0
DSC00277.JPG,/workspace/P/all_images/DSC00277.JPG,0.8359375,0
DSC00278.JPG,/workspace/P/all_images/DSC00278.JPG,0.8515625,0
DSC00279.JPG,/workspace/P/all_images/DSC00279.JPG,0.87890625,0
DSC00280.JPG,/workspace/P/all_images/DSC00280.JPG,0.89453125,0
DSC00281.JPG,/workspace/P/all_images/DSC00281.JPG,0.8515625,0
DSC00282.JPG,/workspace/P/all_images/DSC00282.JPG,0.77734375,0
DSC00283.JPG,/workspace/P/all_images/DSC00283.JPG,0.796875,0
DSC00284.JPG,/workspace/P/all_images/DSC00284.JPG,0.77734375,0
DSC00285.JPG,/workspace/P/all_images/DSC00285.JPG,0.8515625,0
DSC00286.JPG,/workspace/P/all_images/DSC00286.JPG,0.77734375,0
DSC00287.JPG,/workspace/P/all_images/DSC00287.JPG,0.81640625,0
DSC00288.JPG,/workspace/P/all_images/DSC00288.JPG,0.75390625,0
DSC00289.JPG,/workspace/P/all_images/DSC00289.JPG,0.8359375,0
DSC00290.JPG,/workspace/P/all_images/DSC00290.JPG,0.77734375,0
DSC00291.JPG,/workspace/P/all_images/DSC00291.JPG,0.75390625,0
DSC00292.JPG,/workspace/P/all_images/DSC00292.JPG,0.75390625,0
DSC00293.JPG,/workspace/P/all_images/DSC00293.JPG,0.8359375,0
DSC00294.JPG,/workspace/P/all_images/DSC00294.JPG,0.8515625,0
DSC00295.JPG,/workspace/P/all_images/DSC00295.JPG,0.75390625,0
DSC00296.JPG,/workspace/P/all_images/DSC00296.JPG,0.77734375,0
DSC00298.JPG,/workspace/P/all_images/DSC00298.JPG,0.73046875,0
DSC00299.JPG,/workspace/P/all_images/DSC00299.JPG,0.70703125,0
DSC00300.JPG,/workspace/P/all_images/DSC00300.JPG,0.75390625,0
DSC00301.JPG,/workspace/P/all_images/DSC00301.JPG,0.73046875,0
DSC00302.JPG,/workspace/P/all_images/DSC00302.JPG,0.75390625,0
DSC00303.JPG,/workspace/P/all_images/DSC00303.JPG,0.796875,0
DSC00304.JPG,/workspace/P/all_images/DSC00304.JPG,0.77734375,0
DSC00305.JPG,/workspace/P/all_images/DSC00305.JPG,0.75390625,0
DSC00306.JPG,/workspace/P/all_images/DSC00306.JPG,0.73046875,0
DSC00307.JPG,/workspace/P/all_images/DSC00307.JPG,0.77734375,0
DSC00308.JPG,/workspace/P/all_images/DSC00308.JPG,0.73046875,0
DSC00309.JPG,/workspace/P/all_images/DSC00309.JPG,0.77734375,0
DSC00310.JPG,/workspace/P/all_images/DSC00310.JPG,0.77734375,0
DSC00311.JPG,/workspace/P/all_images/DSC00311.JPG,0.796875,0
DSC00312.JPG,/workspace/P/all_images/DSC00312.JPG,0.75390625,0
DSC00315.JPG,/workspace/P/all_images/DSC00315.JPG,0.81640625,0
DSC00316.JPG,/workspace/P/all_images/DSC00316.JPG,0.8515625,0
DSC00319.JPG,/workspace/P/all_images/DSC00319.JPG,0.8359375,0
DSC00320.JPG,/workspace/P/all_images/DSC00320.JPG,0.8515625,0
DSC00321.JPG,/workspace/P/all_images/DSC00321.JPG,0.81640625,0
DSC00322.JPG,/workspace/P/all_images/DSC00322.JPG,0.8515625,0
DSC00323.JPG,/workspace/P/all_images/DSC00323.JPG,0.8515625,0
DSC00324.JPG,/workspace/P/all_images/DSC00324.JPG,0.8671875,0
DSC00325.JPG,/workspace/P/all_images/DSC00325.JPG,0.8515625,0
DSC00326.JPG,/workspace/P/all_images/DSC00326.JPG,0.8515625,0
DSC00327.JPG,/workspace/P/all_images/DSC00327.JPG,0.81640625,0
DSC00328.JPG,/workspace/P/all_images/DSC00328.JPG,0.8515625,0
DSC00329.JPG,/workspace/P/all_images/DSC00329.JPG,0.8359375,0
DSC00332.JPG,/workspace/P/all_images/DSC00332.JPG,0.8359375,0
DSC00333.JPG,/workspace/P/all_images/DSC00333.JPG,0.8359375,0
DSC00334.JPG,/workspace/P/all_images/DSC00334.JPG,0.81640625,0
DSC00336.JPG,/workspace/P/all_images/DSC00336.JPG,0.81640625,0
DSC00339.JPG,/workspace/P/all_images/DSC00339.JPG,0.81640625,0
DSC00340.JPG,/workspace/P/all_images/DSC00340.JPG,0.8515625,0
DSC00341.JPG,/workspace/P/all_images/DSC00341.JPG,0.8671875,0
DSC00342.JPG,/workspace/P/all_images/DSC00342.JPG,0.8515625,0
DSC00344.JPG,/workspace/P/all_images/DSC00344.JPG,0.8515625,0
DSC00346.JPG,/workspace/P/all_images/DSC00346.JPG,0.8515625,0
DSC00347.JPG,/workspace/P/all_images/DSC00347.JPG,0.796875,0
DSC00348.JPG,/workspace/P/all_images/DSC00348.JPG,0.8359375,0
DSC00349.JPG,/workspace/P/all_images/DSC00349.JPG,0.81640625,0
DSC00350.JPG,/workspace/P/all_images/DSC00350.JPG,0.81640625,0
DSC00351.JPG,/workspace/P/all_images/DSC00351.JPG,0.81640625,0
DSC00353.JPG,/workspace/P/all_images/DSC00353.JPG,0.8359375,0
DSC00355.JPG,/workspace/P/all_images/DSC00355.JPG,0.8359375,0
DSC00359.JPG,/workspace/P/all_images/DSC00359.JPG,0.8671875,0
DSC00360.JPG,/workspace/P/all_images/DSC00360.JPG,0.8359375,0
DSC00361.JPG,/workspace/P/all_images/DSC00361.JPG,0.8515625,0
DSC00565.JPG,/workspace/P/all_images/DSC00565.JPG,0.87890625,0
DSC00566.JPG,/workspace/P/all_images/DSC00566.JPG,0.8515625,0
DSC00567.JPG,/workspace/P/all_images/DSC00567.JPG,0.89453125,0
DSC00568.JPG,/workspace/P/all_images/DSC00568.JPG,0.87890625,0
DSC00569.JPG,/workspace/P/all_images/DSC00569.JPG,0.89453125,0
DSC00570.JPG,/workspace/P/all_images/DSC00570.JPG,0.796875,0
DSC00572.JPG,/workspace/P/all_images/DSC00572.JPG,0.8515625,0
DSC00573.JPG,/workspace/P/all_images/DSC00573.JPG,0.8359375,0
DSC00574.JPG,/workspace/P/all_images/DSC00574.JPG,0.70703125,0
DSC00575.JPG,/workspace/P/all_images/DSC00575.JPG,0.70703125,0
DSC00577.JPG,/workspace/P/all_images/DSC00577.JPG,0.796875,0
DSC00579.JPG,/workspace/P/all_images/DSC00579.JPG,0.81640625,0
DSC00580.JPG,/workspace/P/all_images/DSC00580.JPG,0.8359375,0
DSC00582.JPG,/workspace/P/all_images/DSC00582.JPG,0.796875,0
DSC00583.JPG,/workspace/P/all_images/DSC00583.JPG,0.8359375,0
DSC00584.JPG,/workspace/P/all_images/DSC00584.JPG,0.77734375,0
DSC00585.JPG,/workspace/P/all_images/DSC00585.JPG,0.81640625,0
DSC00587.JPG,/workspace/P/all_images/DSC00587.JPG,0.8359375,0
DSC00588.JPG,/workspace/P/all_images/DSC00588.JPG,0.87890625,0
DSC00589.JPG,/workspace/P/all_images/DSC00589.JPG,0.8671875,0
DSC00590.JPG,/workspace/P/all_images/DSC00590.JPG,0.8671875,0
DSC00593.JPG,/workspace/P/all_images/DSC00593.JPG,0.81640625,0
DSC00595.JPG,/workspace/P/all_images/DSC00595.JPG,0.8671875,0
DSC00597.JPG,/workspace/P/all_images/DSC00597.JPG,0.87890625,0
DSC00598.JPG,/workspace/P/all_images/DSC00598.JPG,0.8671875,0
DSC00599.JPG,/workspace/P/all_images/DSC00599.JPG,0.9140625,0
DSC00600.JPG,/workspace/P/all_images/DSC00600.JPG,0.8671875,0
DSC00601.JPG,/workspace/P/all_images/DSC00601.JPG,0.8671875,0
DSC00602.JPG,/workspace/P/all_images/DSC00602.JPG,0.8515625,0
DSC00604.JPG,/workspace/P/all_images/DSC00604.JPG,0.8515625,0
DSC00606.JPG,/workspace/P/all_images/DSC00606.JPG,0.8515625,0
DSC00609.JPG,/workspace/P/all_images/DSC00609.JPG,0.75390625,0
DSC00611.JPG,/workspace/P/all_images/DSC00611.JPG,0.8359375,0
DSC00613.JPG,/workspace/P/all_images/DSC00613.JPG,0.87890625,0
DSC00614.JPG,/workspace/P/all_images/DSC00614.JPG,0.8515625,0
DSC00615.JPG,/workspace/P/all_images/DSC00615.JPG,0.8359375,0
DSC00616.JPG,/workspace/P/all_images/DSC00616.JPG,0.8359375,0
DSC00618.JPG,/workspace/P/all_images/DSC00618.JPG,0.8515625,0
DSC00619.JPG,/workspace/P/all_images/DSC00619.JPG,0.81640625,0
DSC00620.JPG,/workspace/P/all_images/DSC00620.JPG,0.87890625,0
DSC00622.JPG,/workspace/P/all_images/DSC00622.JPG,0.8671875,0
DSC00623.JPG,/workspace/P/all_images/DSC00623.JPG,0.8671875,0
DSC00625.JPG,/workspace/P/all_images/DSC00625.JPG,0.8671875,0
DSC00626.JPG,/workspace/P/all_images/DSC00626.JPG,0.8671875,0
DSC00627.JPG,/workspace/P/all_images/DSC00627.JPG,0.87890625,0
DSC00628.JPG,/workspace/P/all_images/DSC00628.JPG,0.87890625,0
DSC00629.JPG,/workspace/P/all_images/DSC00629.JPG,0.89453125,0
DSC00630.JPG,/workspace/P/all_images/DSC00630.JPG,0.81640625,0
DSC00631.JPG,/workspace/P/all_images/DSC00631.JPG,0.81640625,0
DSC00633.JPG,/workspace/P/all_images/DSC00633.JPG,0.89453125,0
DSC00634.JPG,/workspace/P/all_images/DSC00634.JPG,0.89453125,0
DSC00636.JPG,/workspace/P/all_images/DSC00636.JPG,0.89453125,0
DSC00638.JPG,/workspace/P/all_images/DSC00638.JPG,0.87890625,0
DSC00639.JPG,/workspace/P/all_images/DSC00639.JPG,0.8671875,0
